FROM;TO
LEBasterra;SantiCafiero
RCSalvarezza;SantiCafiero
RossiAgustinOk;SantiCafiero
KulfasM;SantiCafiero
LicDanielArroyo;SantiCafiero
Martin_M_Guzman;SantiCafiero
trottanico;SantiCafiero
wadodecorrido;SantiCafiero
EliGAlcorta;SantiCafiero
gkatopodis;SantiCafiero
felipe_sola;SantiCafiero
SabinaFrederic;SantiCafiero
mariomeoni;SantiCafiero
MatiasLammens;SantiCafiero
JulioVitobello;SantiCafiero
VilmaIbarraL;SantiCafiero
MalenaMassa;SantiCafiero
luanavolnovich;SantiCafiero
SantiCafiero;LEBasterra
juancabandie;LEBasterra
RCSalvarezza;LEBasterra
RossiAgustinOk;LEBasterra
KulfasM;LEBasterra
trottanico;LEBasterra
wadodecorrido;LEBasterra
EliGAlcorta;LEBasterra
gkatopodis;LEBasterra
felipe_sola;LEBasterra
mariomeoni;LEBasterra
MatiasLammens;LEBasterra
JulioVitobello;LEBasterra
luanavolnovich;LEBasterra
SantiCafiero;juancabandie
LEBasterra;juancabandie
RCSalvarezza;juancabandie
RossiAgustinOk;juancabandie
KulfasM;juancabandie
trottanico;juancabandie
apuiggros;juancabandie
wadodecorrido;juancabandie
EliGAlcorta;juancabandie
gkatopodis;juancabandie
felipe_sola;juancabandie
ginesggarcia;juancabandie
mariomeoni;juancabandie
MatiasLammens;juancabandie
JulioVitobello;juancabandie
luanavolnovich;juancabandie
SantiCafiero;RCSalvarezza
LEBasterra;RCSalvarezza
juancabandie;RCSalvarezza
RossiAgustinOk;RCSalvarezza
KulfasM;RCSalvarezza
LicDanielArroyo;RCSalvarezza
Martin_M_Guzman;RCSalvarezza
trottanico;RCSalvarezza
wadodecorrido;RCSalvarezza
EliGAlcorta;RCSalvarezza
gkatopodis;RCSalvarezza
felipe_sola;RCSalvarezza
SabinaFrederic;RCSalvarezza
mariomeoni;RCSalvarezza
MatiasLammens;RCSalvarezza
JulioVitobello;RCSalvarezza
luanavolnovich;RCSalvarezza
SantiCafiero;RossiAgustinOk
LEBasterra;RossiAgustinOk
juancabandie;RossiAgustinOk
RCSalvarezza;RossiAgustinOk
KulfasM;RossiAgustinOk
LicDanielArroyo;RossiAgustinOk
Martin_M_Guzman;RossiAgustinOk
trottanico;RossiAgustinOk
wadodecorrido;RossiAgustinOk
EliGAlcorta;RossiAgustinOk
gkatopodis;RossiAgustinOk
felipe_sola;RossiAgustinOk
MatiasLammens;RossiAgustinOk
JulioVitobello;RossiAgustinOk
VilmaIbarraL;RossiAgustinOk
luanavolnovich;RossiAgustinOk
SantiCafiero;KulfasM
RCSalvarezza;KulfasM
Martin_M_Guzman;KulfasM
trottanico;KulfasM
felipe_sola;KulfasM
MatiasLammens;KulfasM
JulioVitobello;KulfasM
SantiCafiero;LicDanielArroyo
LEBasterra;LicDanielArroyo
juancabandie;LicDanielArroyo
RCSalvarezza;LicDanielArroyo
RossiAgustinOk;LicDanielArroyo
KulfasM;LicDanielArroyo
Martin_M_Guzman;LicDanielArroyo
trottanico;LicDanielArroyo
wadodecorrido;LicDanielArroyo
EliGAlcorta;LicDanielArroyo
gkatopodis;LicDanielArroyo
felipe_sola;LicDanielArroyo
SabinaFrederic;LicDanielArroyo
mariomeoni;LicDanielArroyo
MatiasLammens;LicDanielArroyo
JulioVitobello;LicDanielArroyo
VilmaIbarraL;LicDanielArroyo
MalenaMassa;LicDanielArroyo
luanavolnovich;LicDanielArroyo
SantiCafiero;MariaEBielsaOk
LEBasterra;MariaEBielsaOk
RCSalvarezza;MariaEBielsaOk
KulfasM;MariaEBielsaOk
LicDanielArroyo;MariaEBielsaOk
trottanico;MariaEBielsaOk
wadodecorrido;MariaEBielsaOk
EliGAlcorta;MariaEBielsaOk
gkatopodis;MariaEBielsaOk
felipe_sola;MariaEBielsaOk
mariomeoni;MariaEBielsaOk
MatiasLammens;MariaEBielsaOk
JulioVitobello;MariaEBielsaOk
SantiCafiero;Martin_M_Guzman
LEBasterra;Martin_M_Guzman
RCSalvarezza;Martin_M_Guzman
RossiAgustinOk;Martin_M_Guzman
KulfasM;Martin_M_Guzman
LicDanielArroyo;Martin_M_Guzman
trottanico;Martin_M_Guzman
wadodecorrido;Martin_M_Guzman
EliGAlcorta;Martin_M_Guzman
gkatopodis;Martin_M_Guzman
felipe_sola;Martin_M_Guzman
mariomeoni;Martin_M_Guzman
MatiasLammens;Martin_M_Guzman
JulioVitobello;Martin_M_Guzman
VilmaIbarraL;Martin_M_Guzman
luanavolnovich;Martin_M_Guzman
SantiCafiero;trottanico
LEBasterra;trottanico
juancabandie;trottanico
RCSalvarezza;trottanico
RossiAgustinOk;trottanico
KulfasM;trottanico
LicDanielArroyo;trottanico
Martin_M_Guzman;trottanico
wadodecorrido;trottanico
EliGAlcorta;trottanico
gkatopodis;trottanico
felipe_sola;trottanico
SabinaFrederic;trottanico
mariomeoni;trottanico
MatiasLammens;trottanico
JulioVitobello;trottanico
VilmaIbarraL;trottanico
luanavolnovich;trottanico
SantiCafiero;apuiggros
LEBasterra;apuiggros
juancabandie;apuiggros
trottanico;apuiggros
wadodecorrido;apuiggros
gkatopodis;apuiggros
felipe_sola;apuiggros
mariomeoni;apuiggros
MatiasLammens;apuiggros
JulioVitobello;apuiggros
vikidonda;apuiggros
luanavolnovich;apuiggros
SantiCafiero;wadodecorrido
LEBasterra;wadodecorrido
juancabandie;wadodecorrido
RCSalvarezza;wadodecorrido
RossiAgustinOk;wadodecorrido
KulfasM;wadodecorrido
LicDanielArroyo;wadodecorrido
Martin_M_Guzman;wadodecorrido
trottanico;wadodecorrido
apuiggros;wadodecorrido
EliGAlcorta;wadodecorrido
gkatopodis;wadodecorrido
felipe_sola;wadodecorrido
ginesggarcia;wadodecorrido
SabinaFrederic;wadodecorrido
mariomeoni;wadodecorrido
MatiasLammens;wadodecorrido
JulioVitobello;wadodecorrido
VilmaIbarraL;wadodecorrido
luanavolnovich;wadodecorrido
SantiCafiero;mmlosardo
LEBasterra;mmlosardo
RCSalvarezza;mmlosardo
KulfasM;mmlosardo
trottanico;mmlosardo
apuiggros;mmlosardo
EliGAlcorta;mmlosardo
gkatopodis;mmlosardo
SabinaFrederic;mmlosardo
mariomeoni;mmlosardo
MatiasLammens;mmlosardo
JulioVitobello;mmlosardo
MalenaMassa;mmlosardo
SantiCafiero;EliGAlcorta
LEBasterra;EliGAlcorta
juancabandie;EliGAlcorta
RCSalvarezza;EliGAlcorta
RossiAgustinOk;EliGAlcorta
KulfasM;EliGAlcorta
LicDanielArroyo;EliGAlcorta
Martin_M_Guzman;EliGAlcorta
trottanico;EliGAlcorta
wadodecorrido;EliGAlcorta
gkatopodis;EliGAlcorta
felipe_sola;EliGAlcorta
mariomeoni;EliGAlcorta
MatiasLammens;EliGAlcorta
JulioVitobello;EliGAlcorta
VilmaIbarraL;EliGAlcorta
MalenaMassa;EliGAlcorta
luanavolnovich;EliGAlcorta
SantiCafiero;gkatopodis
LEBasterra;gkatopodis
juancabandie;gkatopodis
RCSalvarezza;gkatopodis
RossiAgustinOk;gkatopodis
KulfasM;gkatopodis
LicDanielArroyo;gkatopodis
MariaEBielsaOk;gkatopodis
trottanico;gkatopodis
wadodecorrido;gkatopodis
EliGAlcorta;gkatopodis
felipe_sola;gkatopodis
mariomeoni;gkatopodis
MatiasLammens;gkatopodis
JulioVitobello;gkatopodis
vikidonda;gkatopodis
MalenaMassa;gkatopodis
luanavolnovich;gkatopodis
SantiCafiero;felipe_sola
LEBasterra;felipe_sola
juancabandie;felipe_sola
RCSalvarezza;felipe_sola
RossiAgustinOk;felipe_sola
KulfasM;felipe_sola
LicDanielArroyo;felipe_sola
MariaEBielsaOk;felipe_sola
Martin_M_Guzman;felipe_sola
trottanico;felipe_sola
apuiggros;felipe_sola
wadodecorrido;felipe_sola
EliGAlcorta;felipe_sola
gkatopodis;felipe_sola
mariomeoni;felipe_sola
MatiasLammens;felipe_sola
JulioVitobello;felipe_sola
VilmaIbarraL;felipe_sola
vikidonda;felipe_sola
luanavolnovich;felipe_sola
SantiCafiero;ginesggarcia
LEBasterra;ginesggarcia
juancabandie;ginesggarcia
RCSalvarezza;ginesggarcia
KulfasM;ginesggarcia
LicDanielArroyo;ginesggarcia
wadodecorrido;ginesggarcia
EliGAlcorta;ginesggarcia
gkatopodis;ginesggarcia
felipe_sola;ginesggarcia
mariomeoni;ginesggarcia
MatiasLammens;ginesggarcia
JulioVitobello;ginesggarcia
MalenaMassa;ginesggarcia
luanavolnovich;ginesggarcia
SantiCafiero;SabinaFrederic
LEBasterra;SabinaFrederic
RCSalvarezza;SabinaFrederic
EliGAlcorta;SabinaFrederic
mariomeoni;SabinaFrederic
MatiasLammens;SabinaFrederic
JulioVitobello;SabinaFrederic
SantiCafiero;mariomeoni
LEBasterra;mariomeoni
RCSalvarezza;mariomeoni
RossiAgustinOk;mariomeoni
KulfasM;mariomeoni
LicDanielArroyo;mariomeoni
trottanico;mariomeoni
gkatopodis;mariomeoni
felipe_sola;mariomeoni
MatiasLammens;mariomeoni
JulioVitobello;mariomeoni
MalenaMassa;mariomeoni
SantiCafiero;MatiasLammens
LEBasterra;MatiasLammens
juancabandie;MatiasLammens
RCSalvarezza;MatiasLammens
KulfasM;MatiasLammens
LicDanielArroyo;MatiasLammens
Martin_M_Guzman;MatiasLammens
trottanico;MatiasLammens
wadodecorrido;MatiasLammens
EliGAlcorta;MatiasLammens
gkatopodis;MatiasLammens
felipe_sola;MatiasLammens
mariomeoni;MatiasLammens
JulioVitobello;MatiasLammens
VilmaIbarraL;MatiasLammens
vikidonda;MatiasLammens
MalenaMassa;MatiasLammens
luanavolnovich;MatiasLammens
SantiCafiero;JulioVitobello
trottanico;JulioVitobello
VilmaIbarraL;JulioVitobello
vikidonda;JulioVitobello
SantiCafiero;VilmaIbarraL
LEBasterra;VilmaIbarraL
RCSalvarezza;VilmaIbarraL
KulfasM;VilmaIbarraL
LicDanielArroyo;VilmaIbarraL
trottanico;VilmaIbarraL
EliGAlcorta;VilmaIbarraL
gkatopodis;VilmaIbarraL
felipe_sola;VilmaIbarraL
SabinaFrederic;VilmaIbarraL
mariomeoni;VilmaIbarraL
MatiasLammens;VilmaIbarraL
JulioVitobello;VilmaIbarraL
MalenaMassa;VilmaIbarraL
LEBasterra;vikidonda
RCSalvarezza;vikidonda
KulfasM;vikidonda
LicDanielArroyo;vikidonda
Martin_M_Guzman;vikidonda
trottanico;vikidonda
wadodecorrido;vikidonda
EliGAlcorta;vikidonda
gkatopodis;vikidonda
felipe_sola;vikidonda
SabinaFrederic;vikidonda
mariomeoni;vikidonda
MalenaMassa;vikidonda
luanavolnovich;vikidonda
SantiCafiero;MalenaMassa
RCSalvarezza;MalenaMassa
KulfasM;MalenaMassa
LicDanielArroyo;MalenaMassa
MariaEBielsaOk;MalenaMassa
wadodecorrido;MalenaMassa
EliGAlcorta;MalenaMassa
gkatopodis;MalenaMassa
felipe_sola;MalenaMassa
mariomeoni;MalenaMassa
MatiasLammens;MalenaMassa
JulioVitobello;MalenaMassa
VilmaIbarraL;MalenaMassa
luanavolnovich;MalenaMassa
SantiCafiero;luanavolnovich
LEBasterra;luanavolnovich
juancabandie;luanavolnovich
RCSalvarezza;luanavolnovich
RossiAgustinOk;luanavolnovich
KulfasM;luanavolnovich
LicDanielArroyo;luanavolnovich
trottanico;luanavolnovich
wadodecorrido;luanavolnovich
EliGAlcorta;luanavolnovich
gkatopodis;luanavolnovich
felipe_sola;luanavolnovich
SabinaFrederic;luanavolnovich
mariomeoni;luanavolnovich
MatiasLammens;luanavolnovich
JulioVitobello;luanavolnovich