from;to
Kicillofok;aliciakirchner
insfran_gildo;aliciakirchner
jmcapitanich;aliciakirchner
QuintelaRicardo;aliciakirchner
sergiounac;aliciakirchner
alferdez;aliciakirchner
QuintelaRicardo;ArabelaCarreras
aliciakirchner;Kicillofok
ArabelaCarreras;Kicillofok
insfran_gildo;Kicillofok
bordet;Kicillofok
jmcapitanich;Kicillofok
RaulJalil_ok;Kicillofok
QuintelaRicardo;Kicillofok
sergiounac;Kicillofok
ZiliottoSergio;Kicillofok
horaciorlarreta;Kicillofok
alferdez;Kicillofok
GustavoSaenzOK;GerardoMorales
gustavovaldesok;GerardoMorales
RaulJalil_ok;insfran_gildo
sergiounac;insfran_gildo
alferdez;insfran_gildo
Kicillofok;bordet
gustavovaldesok;bordet
omarperotti;bordet
RaulJalil_ok;bordet
sergiounac;bordet
ZiliottoSergio;bordet
horaciorlarreta;bordet
alferdez;bordet
QuintelaRicardo;GustavoSaenzOK
aliciakirchner;jmcapitanich
Kicillofok;jmcapitanich
insfran_gildo;jmcapitanich
gustavomelella;jmcapitanich
gustavovaldesok;jmcapitanich
sergiounac;jmcapitanich
horaciorlarreta;jmcapitanich
alferdez;jmcapitanich
ArabelaCarreras;JSchiaretti
bordet;JSchiaretti
GustavoSaenzOK;JSchiaretti
jmcapitanich;JSchiaretti
QuintelaRicardo;JSchiaretti
sergiounac;JSchiaretti
alferdez;JSchiaretti
insfran_gildo;arcionimariano
sergiounac;arcionimariano
ZiliottoSergio;arcionimariano
sergiounac;OmarGutierrezOk
alferdez;OmarGutierrezOk
bordet;omarperotti
rodysuarez;omarperotti
alferdez;omarperotti
sergiounac;omarperotti
alferdez;herrerayflia
alferdez;gustavovaldesok
GustavoSaenzOK;RaulJalil_ok
QuintelaRicardo;RaulJalil_ok
GustavoSaenzOK;QuintelaRicardo
sergiounac;QuintelaRicardo
alferdez;QuintelaRicardo
gustavovaldesok;rodysuarez
insfran_gildo;sergiounac
bordet;sergiounac
RaulJalil_ok;sergiounac
QuintelaRicardo;sergiounac
ZiliottoSergio;sergiounac
alferdez;sergiounac
insfran_gildo;ZiliottoSergio
bordet;ZiliottoSergio
QuintelaRicardo;ZiliottoSergio
alferdez;ZiliottoSergio
sergiounac;ZiliottoSergio
ArabelaCarreras;horaciorlarreta
GustavoSaenzOK;horaciorlarreta
gustavovaldesok;horaciorlarreta
jmcapitanich;horaciorlarreta
RaulJalil_ok;horaciorlarreta
ZiliottoSergio;horaciorlarreta
alferdez;horaciorlarreta
aliciakirchner;alferdez
ArabelaCarreras;alferdez
Kicillofok;alferdez
insfran_gildo;alferdez
bordet;alferdez
gustavomelella;alferdez
GustavoSaenzOK;alferdez
gustavovaldesok;alferdez
jmcapitanich;alferdez
OmarGutierrezOk;alferdez
omarperotti;alferdez
herrerayflia;alferdez
RaulJalil_ok;alferdez
QuintelaRicardo;alferdez
sergiounac;alferdez
ZiliottoSergio;alferdez
horaciorlarreta;alferdez
aliciakirchner;GZamoraSDE
GZamoraSDE;aliciakirchner
GZamoraSDE;arcionimariano
GZamoraSDE;omarperotti
RaulJalil_ok;GZamoraSDE
QuintelaRicardo;GZamoraSDE
sergiounac;GZamoraSDE
GZamoraSDE;sergiounac
JuanManzurOK;GZamoraSDE
GZamoraSDE;JuanManzurOK
alferdez;JuanManzurOK
JuanManzurOK;alferdez
bordet;JuanManzurOK
JuanManzurOK;aliciakirchner
JuanManzurOK;ArabelaCarreras
JuanManzurOK;Kicillofok
JuanManzurOK;GerardoMorales
JuanManzurOK;insfran_gildo
JuanManzurOK;bordet
JuanManzurOK;gustavomelella
JuanManzurOK;GustavoSaenzOK
JuanManzurOK;jmcapitanich
JuanManzurOK;JSchiaretti
JuanManzurOK;arcionimariano
arcionimariano;JuanManzurOK
OmarGutierrezOk;JuanManzurOK
JuanManzurOK;OmarGutierrezOk
JuanManzurOK;omarperotti
JuanManzurOK;herrerayflia
RaulJalil_ok;JuanManzurOK
JuanManzurOK;RaulJalil_ok
QuintelaRicardo;JuanManzurOK
JuanManzurOK;QuintelaRicardo
JuanManzurOK;rodysuarez
JuanManzurOK;sergiounac
sergiounac;JuanManzurOK
ZiliottoSergio;JuanManzurOK
JuanManzurOK;ZiliottoSergio
JuanManzurOK;horaciorlarreta
JuanManzurOK;alberto_rsaa
alferdez;JuanManzurOK
JuanManzurOK;alferdez
insfran_gildo;alberto_rsaa
QuintelaRicardo;alberto_rsaa
sergiounac;alberto_rsaa
ZiliottoSergio;alberto_rsaa
alferdez;alberto_rsaa
alberto_rsaa;alferdez