From;To
marquitospena;alfredocornejo
PatoBullrich;alfredocornejo
GugaLusto;alfredocornejo
marioraulnegri;alfredocornejo
CaroStanley;alfredocornejo
SergioMassa;alfredocornejo
mauriciomacri;CaroStanley
marquitospena;CaroStanley
PatoBullrich;CaroStanley
gabimichetti;CaroStanley
mariuvidal;CaroStanley
RICALFONSIN;CaroStanley
horaciorlarreta;CaroStanley
marioraulnegri;CaroStanley
frigeriorogelio;CaroStanley
pinedofederico;CaroStanley
lauritalonso;CaroStanley
alfredocornejo;CaroStanley
diegosantilli;CaroStanley
estebanbullrich;CaroStanley
guillodietrich;CaroStanley
ginesggarcia;CaroStanley
EliGAlcorta;CaroStanley
vikidonda;CaroStanley
gabicerru;CaroStanley
mauriciomacri;diegosantilli
marquitospena;diegosantilli
PatoBullrich;diegosantilli
gabimichetti;diegosantilli
mariuvidal;diegosantilli
RICALFONSIN;diegosantilli
GugaLusto;diegosantilli
horaciorlarreta;diegosantilli
marioraulnegri;diegosantilli
frigeriorogelio;diegosantilli
pinedofederico;diegosantilli
lauritalonso;diegosantilli
CaroStanley;diegosantilli
estebanbullrich;diegosantilli
ginesggarcia;diegosantilli
SergioMassa;diegosantilli
EliGAlcorta;diegosantilli
felipe_sola;diegosantilli
vikidonda;diegosantilli
gabicerru;diegosantilli
juancabandie;diegosantilli
LicDanielArroyo;diegosantilli
mauriciomacri;elisacarrio
marquitospena;elisacarrio
PatoBullrich;elisacarrio
gabimichetti;elisacarrio
mariuvidal;elisacarrio
GugaLusto;elisacarrio
horaciorlarreta;elisacarrio
marioraulnegri;elisacarrio
pinedofederico;elisacarrio
lauritalonso;elisacarrio
diegosantilli;elisacarrio
CaroStanley;elisacarrio
estebanbullrich;elisacarrio
guillodietrich;elisacarrio
ginesggarcia;elisacarrio
SergioMassa;elisacarrio
EliGAlcorta;elisacarrio
felipe_sola;elisacarrio
gabicerru;elisacarrio
mauriciomacri;estebanbullrich
marquitospena;estebanbullrich
PatoBullrich;estebanbullrich
gabimichetti;estebanbullrich
mariuvidal;estebanbullrich
elisacarrio;estebanbullrich
RICALFONSIN;estebanbullrich
horaciorlarreta;estebanbullrich
marioraulnegri;estebanbullrich
frigeriorogelio;estebanbullrich
pinedofederico;estebanbullrich
lauritalonso;estebanbullrich
alfredocornejo;estebanbullrich
diegosantilli;estebanbullrich
CaroStanley;estebanbullrich
guillodietrich;estebanbullrich
SergioMassa;estebanbullrich
EliGAlcorta;estebanbullrich
felipe_sola;estebanbullrich
vikidonda;estebanbullrich
gabicerru;estebanbullrich
mauriciomacri;frigeriorogelio
marquitospena;frigeriorogelio
PatoBullrich;frigeriorogelio
gabimichetti;frigeriorogelio
mariuvidal;frigeriorogelio
RICALFONSIN;frigeriorogelio
GugaLusto;frigeriorogelio
horaciorlarreta;frigeriorogelio
marioraulnegri;frigeriorogelio
pinedofederico;frigeriorogelio
lauritalonso;frigeriorogelio
alfredocornejo;frigeriorogelio
diegosantilli;frigeriorogelio
CaroStanley;frigeriorogelio
estebanbullrich;frigeriorogelio
guillodietrich;frigeriorogelio
wadodecorrido;frigeriorogelio
marianorecalde;frigeriorogelio
EliGAlcorta;frigeriorogelio
felipe_sola;frigeriorogelio
magariovero;frigeriorogelio
mauriciomacri;gabimichetti
marquitospena;gabimichetti
PatoBullrich;gabimichetti
mariuvidal;gabimichetti
elisacarrio;gabimichetti
monzoemilio;gabimichetti
RICALFONSIN;gabimichetti
GugaLusto;gabimichetti
horaciorlarreta;gabimichetti
marioraulnegri;gabimichetti
frigeriorogelio;gabimichetti
pinedofederico;gabimichetti
lauritalonso;gabimichetti
alfredocornejo;gabimichetti
diegosantilli;gabimichetti
CaroStanley;gabimichetti
estebanbullrich;gabimichetti
guillodietrich;gabimichetti
alferdez;gabimichetti
ginesggarcia;gabimichetti
SergioMassa;gabimichetti
wadodecorrido;gabimichetti
EliGAlcorta;gabimichetti
felipe_sola;gabimichetti
marianorecalde;gabimichetti
vikidonda;gabimichetti
gabicerru;gabimichetti
juancabandie;gabimichetti
LicDanielArroyo;gabimichetti
marquitospena;GugaLusto
gabimichetti;GugaLusto
elisacarrio;GugaLusto
RICALFONSIN;GugaLusto
horaciorlarreta;GugaLusto
marioraulnegri;GugaLusto
pinedofederico;GugaLusto
lauritalonso;GugaLusto
alfredocornejo;GugaLusto
estebanbullrich;GugaLusto
alferdez;GugaLusto
SergioMassa;GugaLusto
wadodecorrido;GugaLusto
EliGAlcorta;GugaLusto
felipe_sola;GugaLusto
marianorecalde;GugaLusto
vikidonda;GugaLusto
gabicerru;GugaLusto
juancabandie;GugaLusto
mauriciomacri;guillodietrich
marquitospena;guillodietrich
PatoBullrich;guillodietrich
gabimichetti;guillodietrich
mariuvidal;guillodietrich
RICALFONSIN;guillodietrich
horaciorlarreta;guillodietrich
marianorecalde;guillodietrich
marioraulnegri;guillodietrich
frigeriorogelio;guillodietrich
pinedofederico;guillodietrich
lauritalonso;guillodietrich
alfredocornejo;guillodietrich
diegosantilli;guillodietrich
CaroStanley;guillodietrich
estebanbullrich;guillodietrich
SergioMassa;guillodietrich
gabicerru;guillodietrich
Facundo_Moyano;guillodietrich
mauriciomacri;horaciorlarreta
marquitospena;horaciorlarreta
PatoBullrich;horaciorlarreta
gabimichetti;horaciorlarreta
mariuvidal;horaciorlarreta
elisacarrio;horaciorlarreta
monzoemilio;horaciorlarreta
RICALFONSIN;horaciorlarreta
GugaLusto;horaciorlarreta
marioraulnegri;horaciorlarreta
frigeriorogelio;horaciorlarreta
pinedofederico;horaciorlarreta
lauritalonso;horaciorlarreta
alfredocornejo;horaciorlarreta
diegosantilli;horaciorlarreta
CaroStanley;horaciorlarreta
estebanbullrich;horaciorlarreta
guillodietrich;horaciorlarreta
alferdez;horaciorlarreta
SantiCafiero;horaciorlarreta
marianorecalde;horaciorlarreta
SergioMassa;horaciorlarreta
EliGAlcorta;horaciorlarreta
felipe_sola;horaciorlarreta
vikidonda;horaciorlarreta
gabicerru;horaciorlarreta
juancabandie;horaciorlarreta
Facundo_Moyano;horaciorlarreta
LicDanielArroyo;horaciorlarreta
mauriciomacri;lauritalonso
marquitospena;lauritalonso
PatoBullrich;lauritalonso
gabimichetti;lauritalonso
mariuvidal;lauritalonso
elisacarrio;lauritalonso
horaciorlarreta;lauritalonso
marioraulnegri;lauritalonso
frigeriorogelio;lauritalonso
pinedofederico;lauritalonso
alfredocornejo;lauritalonso
diegosantilli;lauritalonso
CaroStanley;lauritalonso
estebanbullrich;lauritalonso
SergioMassa;lauritalonso
EliGAlcorta;lauritalonso
vikidonda;lauritalonso
LicDanielArroyo;lauritalonso
marquitospena;marioraulnegri
PatoBullrich;marioraulnegri
elisacarrio;marioraulnegri
RICALFONSIN;marioraulnegri
GugaLusto;marioraulnegri
frigeriorogelio;marioraulnegri
pinedofederico;marioraulnegri
CaroStanley;marioraulnegri
SergioMassa;marioraulnegri
EliGAlcorta;marioraulnegri
vikidonda;marioraulnegri
Facundo_Moyano;marioraulnegri
mauriciomacri;mariuvidal
marquitospena;mariuvidal
PatoBullrich;mariuvidal
gabimichetti;mariuvidal
elisacarrio;mariuvidal
monzoemilio;mariuvidal
RICALFONSIN;mariuvidal
GugaLusto;mariuvidal
horaciorlarreta;mariuvidal
marioraulnegri;mariuvidal
frigeriorogelio;mariuvidal
pinedofederico;mariuvidal
lauritalonso;mariuvidal
alfredocornejo;mariuvidal
diegosantilli;mariuvidal
CaroStanley;mariuvidal
estebanbullrich;mariuvidal
guillodietrich;mariuvidal
ginesggarcia;mariuvidal
marianorecalde;mariuvidal
SergioMassa;mariuvidal
wadodecorrido;mariuvidal
EliGAlcorta;mariuvidal
felipe_sola;mariuvidal
gabicerru;mariuvidal
juancabandie;mariuvidal
Facundo_Moyano;mariuvidal
LicDanielArroyo;mariuvidal
PatoBullrich;marquitospena
gabimichetti;marquitospena
mariuvidal;marquitospena
elisacarrio;marquitospena
monzoemilio;marquitospena
RICALFONSIN;marquitospena
GugaLusto;marquitospena
horaciorlarreta;marquitospena
marioraulnegri;marquitospena
frigeriorogelio;marquitospena
pinedofederico;marquitospena
lauritalonso;marquitospena
alfredocornejo;marquitospena
diegosantilli;marquitospena
CaroStanley;marquitospena
estebanbullrich;marquitospena
guillodietrich;marquitospena
ginesggarcia;marquitospena
SergioMassa;marquitospena
EliGAlcorta;marquitospena
marianorecalde;marquitospena
felipe_sola;marquitospena
gabicerru;marquitospena
juancabandie;marquitospena
Facundo_Moyano;marquitospena
marquitospena;mauriciomacri
PatoBullrich;mauriciomacri
gabimichetti;mauriciomacri
mariuvidal;mauriciomacri
elisacarrio;mauriciomacri
monzoemilio;mauriciomacri
RICALFONSIN;mauriciomacri
GugaLusto;mauriciomacri
horaciorlarreta;mauriciomacri
marioraulnegri;mauriciomacri
frigeriorogelio;mauriciomacri
pinedofederico;mauriciomacri
lauritalonso;mauriciomacri
alfredocornejo;mauriciomacri
diegosantilli;mauriciomacri
CaroStanley;mauriciomacri
estebanbullrich;mauriciomacri
guillodietrich;mauriciomacri
alferdez;mauriciomacri
ginesggarcia;mauriciomacri
EliGAlcorta;mauriciomacri
felipe_sola;mauriciomacri
vikidonda;mauriciomacri
gabicerru;mauriciomacri
marianorecalde;mauriciomacri
juancabandie;mauriciomacri
Sabbatella;mauriciomacri
Facundo_Moyano;mauriciomacri
LicDanielArroyo;mauriciomacri
mauriciomacri;monzoemilio
marquitospena;monzoemilio
gabimichetti;monzoemilio
mariuvidal;monzoemilio
elisacarrio;monzoemilio
RICALFONSIN;monzoemilio
GugaLusto;monzoemilio
horaciorlarreta;monzoemilio
marioraulnegri;monzoemilio
frigeriorogelio;monzoemilio
pinedofederico;monzoemilio
diegosantilli;monzoemilio
CaroStanley;monzoemilio
estebanbullrich;monzoemilio
SergioMassa;monzoemilio
felipe_sola;monzoemilio
mauriciomacri;PatoBullrich
marquitospena;PatoBullrich
gabimichetti;PatoBullrich
mariuvidal;PatoBullrich
elisacarrio;PatoBullrich
RICALFONSIN;PatoBullrich
horaciorlarreta;PatoBullrich
marioraulnegri;PatoBullrich
frigeriorogelio;PatoBullrich
pinedofederico;PatoBullrich
lauritalonso;PatoBullrich
alfredocornejo;PatoBullrich
diegosantilli;PatoBullrich
CaroStanley;PatoBullrich
estebanbullrich;PatoBullrich
guillodietrich;PatoBullrich
EliGAlcorta;PatoBullrich
felipe_sola;PatoBullrich
vikidonda;PatoBullrich
gabicerru;PatoBullrich
juancabandie;PatoBullrich
mauriciomacri;pinedofederico
marquitospena;pinedofederico
PatoBullrich;pinedofederico
gabimichetti;pinedofederico
mariuvidal;pinedofederico
RICALFONSIN;pinedofederico
GugaLusto;pinedofederico
horaciorlarreta;pinedofederico
marioraulnegri;pinedofederico
frigeriorogelio;pinedofederico
lauritalonso;pinedofederico
diegosantilli;pinedofederico
CaroStanley;pinedofederico
estebanbullrich;pinedofederico
SergioMassa;pinedofederico
wadodecorrido;pinedofederico
EliGAlcorta;pinedofederico
felipe_sola;pinedofederico
vikidonda;pinedofederico
gabicerru;pinedofederico
juancabandie;pinedofederico
PatoBullrich;RICALFONSIN
GugaLusto;RICALFONSIN
horaciorlarreta;RICALFONSIN
marioraulnegri;RICALFONSIN
frigeriorogelio;RICALFONSIN
pinedofederico;RICALFONSIN
diegosantilli;RICALFONSIN
estebanbullrich;RICALFONSIN
alferdez;RICALFONSIN
ginesggarcia;RICALFONSIN
wadodecorrido;RICALFONSIN
felipe_sola;RICALFONSIN
vikidonda;RICALFONSIN
gabicerru;RICALFONSIN
juancabandie;RICALFONSIN
Facundo_Moyano;RICALFONSIN
LicDanielArroyo;RICALFONSIN
RossiAgustinOk;alferdez
Kicillofok;alferdez
CFKArgentina;alferdez
LicDanielArroyo;alferdez
wadodecorrido;alferdez
EliGAlcorta;alferdez
Facundo_Moyano;alferdez
felipe_sola;alferdez
gabicerru;alferdez
ginesggarcia;alferdez
juancabandie;alferdez
Martin_M_Guzman;alferdez
Sabbatella;alferdez
marianorecalde;alferdez
SabinaFrederic;alferdez
SantiCafiero;alferdez
SergioMassa;alferdez
magariovero;alferdez
vikidonda;alferdez
alfredocornejo;alferdez
diegosantilli;alferdez
pinedofederico;alferdez
horaciorlarreta;alferdez
marioraulnegri;alferdez
GugaLusto;alferdez
marquitospena;CFKArgentina
gabimichetti;CFKArgentina
mariuvidal;CFKArgentina
horaciorlarreta;CFKArgentina
marioraulnegri;CFKArgentina
diegosantilli;CFKArgentina
estebanbullrich;CFKArgentina
alferdez;CFKArgentina
Kicillofok;CFKArgentina
SantiCafiero;CFKArgentina
ginesggarcia;CFKArgentina
wadodecorrido;CFKArgentina
RossiAgustinOk;CFKArgentina
SabinaFrederic;CFKArgentina
EliGAlcorta;CFKArgentina
Martin_M_Guzman;CFKArgentina
felipe_sola;CFKArgentina
marianorecalde;CFKArgentina
magariovero;CFKArgentina
vikidonda;CFKArgentina
gabicerru;CFKArgentina
juancabandie;CFKArgentina
Sabbatella;CFKArgentina
Facundo_Moyano;CFKArgentina
LicDanielArroyo;CFKArgentina
RossiAgustinOk;EliGAlcorta
alferdez;EliGAlcorta
Kicillofok;EliGAlcorta
LicDanielArroyo;EliGAlcorta
wadodecorrido;EliGAlcorta
felipe_sola;EliGAlcorta
gabicerru;EliGAlcorta
juancabandie;EliGAlcorta
Martin_M_Guzman;EliGAlcorta
Sabbatella;EliGAlcorta
marianorecalde;EliGAlcorta
SantiCafiero;EliGAlcorta
SergioMassa;EliGAlcorta
RossiAgustinOk;Facundo_Moyano
alferdez;Facundo_Moyano
Kicillofok;Facundo_Moyano
LicDanielArroyo;Facundo_Moyano
wadodecorrido;Facundo_Moyano
EliGAlcorta;Facundo_Moyano
felipe_sola;Facundo_Moyano
gabicerru;Facundo_Moyano
juancabandie;Facundo_Moyano
marianorecalde;Facundo_Moyano
SergioMassa;Facundo_Moyano
magariovero;Facundo_Moyano
vikidonda;Facundo_Moyano
gabimichetti;Facundo_Moyano
lauritalonso;Facundo_Moyano
marquitospena;Facundo_Moyano
marioraulnegri;Facundo_Moyano
GugaLusto;Facundo_Moyano
RICALFONSIN;Facundo_Moyano
RossiAgustinOk;felipe_sola
alferdez;felipe_sola
LicDanielArroyo;felipe_sola
wadodecorrido;felipe_sola
EliGAlcorta;felipe_sola
Facundo_Moyano;felipe_sola
gabicerru;felipe_sola
juancabandie;felipe_sola
Martin_M_Guzman;felipe_sola
Sabbatella;felipe_sola
marianorecalde;felipe_sola
SantiCafiero;felipe_sola
SergioMassa;felipe_sola
magariovero;felipe_sola
vikidonda;felipe_sola
diegosantilli;felipe_sola
estebanbullrich;felipe_sola
pinedofederico;felipe_sola
horaciorlarreta;felipe_sola
marioraulnegri;felipe_sola
GugaLusto;felipe_sola
RICALFONSIN;felipe_sola
RossiAgustinOk;gabicerru
alferdez;gabicerru
Kicillofok;gabicerru
LicDanielArroyo;gabicerru
wadodecorrido;gabicerru
EliGAlcorta;gabicerru
felipe_sola;gabicerru
juancabandie;gabicerru
Sabbatella;gabicerru
marianorecalde;gabicerru
SergioMassa;gabicerru
vikidonda;gabicerru
diegosantilli;gabicerru
estebanbullrich;gabicerru
horaciorlarreta;gabicerru
GugaLusto;gabicerru
RICALFONSIN;gabicerru
alferdez;ginesggarcia
LicDanielArroyo;ginesggarcia
wadodecorrido;ginesggarcia
EliGAlcorta;ginesggarcia
felipe_sola;ginesggarcia
gabicerru;ginesggarcia
juancabandie;ginesggarcia
marianorecalde;ginesggarcia
SantiCafiero;ginesggarcia
SergioMassa;ginesggarcia
magariovero;ginesggarcia
estebanbullrich;ginesggarcia
RossiAgustinOk;juancabandie
alferdez;juancabandie
Kicillofok;juancabandie
CFKArgentina;juancabandie
marianorecalde;juancabandie
wadodecorrido;juancabandie
EliGAlcorta;juancabandie
felipe_sola;juancabandie
gabicerru;juancabandie
ginesggarcia;juancabandie
Sabbatella;juancabandie
SantiCafiero;juancabandie
SergioMassa;juancabandie
magariovero;juancabandie
diegosantilli;juancabandie
estebanbullrich;juancabandie
gabimichetti;juancabandie
horaciorlarreta;juancabandie
GugaLusto;juancabandie
RossiAgustinOk;Kicillofok
alferdez;Kicillofok
CFKArgentina;Kicillofok
LicDanielArroyo;Kicillofok
wadodecorrido;Kicillofok
EliGAlcorta;Kicillofok
felipe_sola;Kicillofok
gabicerru;Kicillofok
juancabandie;Kicillofok
Martin_M_Guzman;Kicillofok
Sabbatella;Kicillofok
marianorecalde;Kicillofok
SabinaFrederic;Kicillofok
SantiCafiero;Kicillofok
SergioMassa;Kicillofok
magariovero;Kicillofok
diegosantilli;Kicillofok
horaciorlarreta;Kicillofok
lauritalonso;Kicillofok
marioraulnegri;Kicillofok
GugaLusto;Kicillofok
RossiAgustinOk;LicDanielArroyo
alferdez;LicDanielArroyo
wadodecorrido;LicDanielArroyo
EliGAlcorta;LicDanielArroyo
Facundo_Moyano;LicDanielArroyo
felipe_sola;LicDanielArroyo
gabicerru;LicDanielArroyo
juancabandie;LicDanielArroyo
Martin_M_Guzman;LicDanielArroyo
Sabbatella;LicDanielArroyo
SabinaFrederic;LicDanielArroyo
SantiCafiero;LicDanielArroyo
SergioMassa;LicDanielArroyo
magariovero;LicDanielArroyo
estebanbullrich;LicDanielArroyo
marioraulnegri;LicDanielArroyo
RossiAgustinOk;magariovero
Kicillofok;magariovero
CFKArgentina;magariovero
LicDanielArroyo;magariovero
wadodecorrido;magariovero
EliGAlcorta;magariovero
Facundo_Moyano;magariovero
felipe_sola;magariovero
gabicerru;magariovero
juancabandie;magariovero
marianorecalde;magariovero
Sabbatella;magariovero
SantiCafiero;magariovero
SergioMassa;magariovero
mariuvidal;magariovero
RossiAgustinOk;marianorecalde
alferdez;marianorecalde
Kicillofok;marianorecalde
CFKArgentina;marianorecalde
wadodecorrido;marianorecalde
EliGAlcorta;marianorecalde
Facundo_Moyano;marianorecalde
felipe_sola;marianorecalde
gabicerru;marianorecalde
Sabbatella;marianorecalde
SantiCafiero;marianorecalde
magariovero;marianorecalde
vikidonda;marianorecalde
GugaLusto;marianorecalde
RossiAgustinOk;Martin_M_Guzman
alferdez;Martin_M_Guzman
LicDanielArroyo;Martin_M_Guzman
wadodecorrido;Martin_M_Guzman
EliGAlcorta;Martin_M_Guzman
Facundo_Moyano;Martin_M_Guzman
felipe_sola;Martin_M_Guzman
gabicerru;Martin_M_Guzman
Sabbatella;Martin_M_Guzman
SantiCafiero;Martin_M_Guzman
SergioMassa;Martin_M_Guzman
marquitospena;MiguelPichetto
PatoBullrich;MiguelPichetto
horaciorlarreta;MiguelPichetto
marioraulnegri;MiguelPichetto
frigeriorogelio;MiguelPichetto
pinedofederico;MiguelPichetto
lauritalonso;MiguelPichetto
alfredocornejo;MiguelPichetto
diegosantilli;MiguelPichetto
guillodietrich;MiguelPichetto
alferdez;MiguelPichetto
SantiCafiero;MiguelPichetto
SergioMassa;MiguelPichetto
wadodecorrido;MiguelPichetto
EliGAlcorta;MiguelPichetto
felipe_sola;MiguelPichetto
alferdez;RossiAgustinOk
Kicillofok;RossiAgustinOk
CFKArgentina;RossiAgustinOk
LicDanielArroyo;RossiAgustinOk
wadodecorrido;RossiAgustinOk
EliGAlcorta;RossiAgustinOk
Facundo_Moyano;RossiAgustinOk
felipe_sola;RossiAgustinOk
gabicerru;RossiAgustinOk
juancabandie;RossiAgustinOk
Martin_M_Guzman;RossiAgustinOk
Sabbatella;RossiAgustinOk
marianorecalde;RossiAgustinOk
SantiCafiero;RossiAgustinOk
SergioMassa;RossiAgustinOk
magariovero;RossiAgustinOk
RossiAgustinOk;Sabbatella
alferdez;Sabbatella
Kicillofok;Sabbatella
CFKArgentina;Sabbatella
wadodecorrido;Sabbatella
EliGAlcorta;Sabbatella
felipe_sola;Sabbatella
gabicerru;Sabbatella
marianorecalde;Sabbatella
SergioMassa;Sabbatella
vikidonda;Sabbatella
diegosantilli;Sabbatella
estebanbullrich;Sabbatella
horaciorlarreta;Sabbatella
RICALFONSIN;Sabbatella
EliGAlcorta;SabinaFrederic
gabicerru;SabinaFrederic
Sabbatella;SabinaFrederic
SantiCafiero;SabinaFrederic
RossiAgustinOk;SantiCafiero
alferdez;SantiCafiero
LicDanielArroyo;SantiCafiero
wadodecorrido;SantiCafiero
EliGAlcorta;SantiCafiero
felipe_sola;SantiCafiero
gabicerru;SantiCafiero
marianorecalde;SantiCafiero
Martin_M_Guzman;SantiCafiero
Sabbatella;SantiCafiero
SabinaFrederic;SantiCafiero
SergioMassa;SantiCafiero
RossiAgustinOk;SergioMassa
alferdez;SergioMassa
Kicillofok;SergioMassa
LicDanielArroyo;SergioMassa
wadodecorrido;SergioMassa
EliGAlcorta;SergioMassa
Facundo_Moyano;SergioMassa
felipe_sola;SergioMassa
gabicerru;SergioMassa
ginesggarcia;SergioMassa
juancabandie;SergioMassa
marianorecalde;SergioMassa
Martin_M_Guzman;SergioMassa
SantiCafiero;SergioMassa
magariovero;SergioMassa
vikidonda;SergioMassa
estebanbullrich;SergioMassa
pinedofederico;SergioMassa
gabimichetti;SergioMassa
horaciorlarreta;SergioMassa
mariuvidal;SergioMassa
marioraulnegri;SergioMassa
GugaLusto;SergioMassa
PatoBullrich;SergioMassa
RICALFONSIN;SergioMassa
frigeriorogelio;SergioMassa
alferdez;vikidonda
LicDanielArroyo;vikidonda
wadodecorrido;vikidonda
EliGAlcorta;vikidonda
Facundo_Moyano;vikidonda
felipe_sola;vikidonda
gabicerru;vikidonda
Martin_M_Guzman;vikidonda
Sabbatella;vikidonda
SabinaFrederic;vikidonda
SergioMassa;vikidonda
diegosantilli;vikidonda
estebanbullrich;vikidonda
pinedofederico;vikidonda
horaciorlarreta;vikidonda
lauritalonso;vikidonda
mariuvidal;vikidonda
marioraulnegri;vikidonda
GugaLusto;vikidonda
PatoBullrich;vikidonda
RICALFONSIN;vikidonda
RossiAgustinOk;wadodecorrido
alferdez;wadodecorrido
Kicillofok;wadodecorrido
CFKArgentina;wadodecorrido
LicDanielArroyo;wadodecorrido
EliGAlcorta;wadodecorrido
felipe_sola;wadodecorrido
gabicerru;wadodecorrido
ginesggarcia;wadodecorrido
juancabandie;wadodecorrido
Martin_M_Guzman;wadodecorrido
Sabbatella;wadodecorrido
marianorecalde;wadodecorrido
SabinaFrederic;wadodecorrido
SantiCafiero;wadodecorrido
SergioMassa;wadodecorrido
magariovero;wadodecorrido
marioraulnegri;wadodecorrido
frigeriorogelio;wadodecorrido